{
    "name": "root",
    "metadata": {
        "timer_format_version": "0.1.0",
        "start_time_seconds": "1636323394",
        "python_version": "3.7.7 (tags/v3.7.7:d7c567b08f, Mar 10 2020, 10:41:24) [MSC v.1900 64 bit (AMD64)]",
        "command_line_arguments": "C:\\Users\\zmarc\\AppData\\Local\\Programs\\Python\\Python37\\Scripts\\mlagents-learn config/MLAgent.yaml --initialize-from=MLAgent_2 --run-id=MLAgent_1",
        "mlagents_version": "0.27.0",
        "mlagents_envs_version": "0.27.0",
        "communication_protocol_version": "1.5.0",
        "pytorch_version": "1.9.1+cu102",
        "numpy_version": "1.21.2",
        "end_time_seconds": "1636323454"
    },
    "total": 59.7252521,
    "count": 1,
    "self": 0.006337299999998436,
    "children": {
        "run_training.setup": {
            "total": 0.09543389999999996,
            "count": 1,
            "self": 0.09543389999999996
        },
        "TrainerController.start_learning": {
            "total": 59.6234809,
            "count": 1,
            "self": 0.14939760000017088,
            "children": {
                "TrainerController._reset_env": {
                    "total": 10.6471918,
                    "count": 1,
                    "self": 10.6471918
                },
                "TrainerController.advance": {
                    "total": 48.669153099999825,
                    "count": 5768,
                    "self": 0.06834789999971491,
                    "children": {
                        "env_step": {
                            "total": 48.60080520000011,
                            "count": 5768,
                            "self": 41.98003080000002,
                            "children": {
                                "SubprocessEnvManager._take_step": {
                                    "total": 6.5493188000000675,
                                    "count": 5768,
                                    "self": 0.3367983000000443,
                                    "children": {
                                        "TorchPolicy.evaluate": {
                                            "total": 6.212520500000023,
                                            "count": 5727,
                                            "self": 1.6279473999999983,
                                            "children": {
                                                "TorchPolicy.sample_actions": {
                                                    "total": 4.584573100000025,
                                                    "count": 5727,
                                                    "self": 4.584573100000025
                                                }
                                            }
                                        }
                                    }
                                },
                                "workers": {
                                    "total": 0.07145560000001971,
                                    "count": 5767,
                                    "self": 0.0,
                                    "children": {
                                        "worker_root": {
                                            "total": 48.64697150000005,
                                            "count": 5767,
                                            "is_parallel": true,
                                            "self": 12.070401300000029,
                                            "children": {
                                                "steps_from_proto": {
                                                    "total": 0.0004059000000005142,
                                                    "count": 1,
                                                    "is_parallel": true,
                                                    "self": 0.00024100000000260025,
                                                    "children": {
                                                        "_process_rank_one_or_two_observation": {
                                                            "total": 0.00016489999999791394,
                                                            "count": 2,
                                                            "is_parallel": true,
                                                            "self": 0.00016489999999791394
                                                        }
                                                    }
                                                },
                                                "UnityEnvironment.step": {
                                                    "total": 36.57616430000002,
                                                    "count": 5767,
                                                    "is_parallel": true,
                                                    "self": 0.4687566000001482,
                                                    "children": {
                                                        "UnityEnvironment._generate_step_input": {
                                                            "total": 0.483674099999833,
                                                            "count": 5767,
                                                            "is_parallel": true,
                                                            "self": 0.483674099999833
                                                        },
                                                        "communicator.exchange": {
                                                            "total": 34.097025800000075,
                                                            "count": 5767,
                                                            "is_parallel": true,
                                                            "self": 34.097025800000075
                                                        },
                                                        "steps_from_proto": {
                                                            "total": 1.5267077999999703,
                                                            "count": 5767,
                                                            "is_parallel": true,
                                                            "self": 0.9261370000001996,
                                                            "children": {
                                                                "_process_rank_one_or_two_observation": {
                                                                    "total": 0.6005707999997707,
                                                                    "count": 11534,
                                                                    "is_parallel": true,
                                                                    "self": 0.6005707999997707
                                                                }
                                                            }
                                                        }
                                                    }
                                                }
                                            }
                                        }
                                    }
                                }
                            }
                        }
                    }
                },
                "trainer_threads": {
                    "total": 2.179999999896154e-05,
                    "count": 1,
                    "self": 2.179999999896154e-05,
                    "children": {
                        "thread_root": {
                            "total": 0.0,
                            "count": 0,
                            "is_parallel": true,