{
    "name": "root",
    "metadata": {
        "timer_format_version": "0.1.0",
        "start_time_seconds": "1637704637",
        "python_version": "3.7.7 (tags/v3.7.7:d7c567b08f, Mar 10 2020, 10:41:24) [MSC v.1900 64 bit (AMD64)]",
        "command_line_arguments": "C:\\Users\\zmarc\\AppData\\Local\\Programs\\Python\\Python37\\Scripts\\mlagents-learn --initialize-from=2p_18 --run-id=2p_19",
        "mlagents_version": "0.27.0",
        "mlagents_envs_version": "0.27.0",
        "communication_protocol_version": "1.5.0",
        "pytorch_version": "1.9.1+cu102",
        "numpy_version": "1.21.2",
        "end_time_seconds": "1637704768"
    },
    "total": 131.4189974,
    "count": 1,
    "self": 0.005667200000004868,
    "children": {
        "run_training.setup": {
            "total": 0.08021489999999987,
            "count": 1,
            "self": 0.08021489999999987
        },
        "TrainerController.start_learning": {
            "total": 131.3331153,
            "count": 1,
            "self": 0.2994713999998737,
            "children": {
                "TrainerController._reset_env": {
                    "total": 5.6458295,
                    "count": 1,
                    "self": 5.6458295
                },
                "TrainerController.advance": {
                    "total": 125.29141500000011,
                    "count": 16184,
                    "self": 0.2856272000002207,
                    "children": {
                        "env_step": {
                            "total": 121.49929839999915,
                            "count": 16184,
                            "self": 107.83210849999766,
                            "children": {
                                "SubprocessEnvManager._take_step": {
                                    "total": 13.460914900000892,
                                    "count": 16184,
                                    "self": 0.8128718000006838,
                                    "children": {
                                        "TorchPolicy.evaluate": {
                                            "total": 12.648043100000208,
                                            "count": 16166,
                                            "self": 3.7659950999992304,
                                            "children": {
                                                "TorchPolicy.sample_actions": {
                                                    "total": 8.882048000000978,
                                                    "count": 16166,
                                                    "self": 8.882048000000978
                                                }
                                            }
                                        }
                                    }
                                },
                                "workers": {
                                    "total": 0.20627500000059484,
                                    "count": 16183,
                                    "self": 0.0,
                                    "children": {
                                        "worker_root": {
                                            "total": 100.1772045000011,
                                            "count": 16183,
                                            "is_parallel": true,
                                            "self": 31.673112700001298,
                                            "children": {
                                                "steps_from_proto": {
                                                    "total": 0.0003875999999998214,
                                                    "count": 1,
                                                    "is_parallel": true,
                                                    "self": 0.00021860000000017976,
                                                    "children": {
                                                        "_process_rank_one_or_two_observation": {
                                                            "total": 0.00016899999999964166,
                                                            "count": 2,
                                                            "is_parallel": true,
                                                            "self": 0.00016899999999964166
                                                        }
                                                    }
                                                },
                                                "UnityEnvironment.step": {
                                                    "total": 68.5037041999998,
                                                    "count": 16183,
                                                    "is_parallel": true,
                                                    "self": 1.3336114999993782,
                                                    "children": {
                                                        "UnityEnvironment._generate_step_input": {
                                                            "total": 1.089329500000546,
                                                            "count": 16183,
                                                            "is_parallel": true,
                                                            "self": 1.089329500000546
                                                        },
                                                        "communicator.exchange": {
                                                            "total": 61.841866299999744,
                                                            "count": 16183,
                                                            "is_parallel": true,
                                                            "self": 61.841866299999744
                                                        },
                                                        "steps_from_proto": {
                                                            "total": 4.238896900000132,
                                                            "count": 16183,
                                                            "is_parallel": true,
                                                            "self": 2.4727409999996803,
                                                            "children": {
                                                                "_process_rank_one_or_two_observation": {
                                                                    "total": 1.7661559000004514,
                                                                    "count": 32366,
                                                                    "is_parallel": true,
                                                                    "self": 1.7661559000004514
                                                                }
                                                            }
                                                        }
                                                    }
                                                }
                                            }
                                        }
                                    }
                                }
                            }
                        },
                        "trainer_advance": {
                            "total": 3.5064894000007403,
                            "count": 16183,
                            "self": 0.37658630000115245,
                            "children": {
                                "process_trajectory": {
                                    "total": 1.0019522999995942,
                                    "count": 16183,