{
    "name": "root",
    "metadata": {
        "timer_format_version": "0.1.0",
        "start_time_seconds": "1637704389",
        "python_version": "3.7.7 (tags/v3.7.7:d7c567b08f, Mar 10 2020, 10:41:24) [MSC v.1900 64 bit (AMD64)]",
        "command_line_arguments": "C:\\Users\\zmarc\\AppData\\Local\\Programs\\Python\\Python37\\Scripts\\mlagents-learn --initialize-from=2ptest_14 --run-id=2p_18",
        "mlagents_version": "0.27.0",
        "mlagents_envs_version": "0.27.0",
        "communication_protocol_version": "1.5.0",
        "pytorch_version": "1.9.1+cu102",
        "numpy_version": "1.21.2",
        "end_time_seconds": "1637704548"
    },
    "total": 159.5243126,
    "count": 1,
    "self": 0.005564099999986638,
    "children": {
        "run_training.setup": {
            "total": 0.08227620000000013,
            "count": 1,
            "self": 0.08227620000000013
        },
        "TrainerController.start_learning": {
            "total": 159.43647230000002,
            "count": 1,
            "self": 0.4089346000004923,
            "children": {
                "TrainerController._reset_env": {
                    "total": 14.6739192,
                    "count": 1,
                    "self": 14.6739192
                },
                "TrainerController.advance": {
                    "total": 144.2563389999995,
                    "count": 22676,
                    "self": 0.3985763999997971,
                    "children": {
                        "env_step": {
                            "total": 137.78443680000092,
                            "count": 22676,
                            "self": 118.85022140000072,
                            "children": {
                                "SubprocessEnvManager._take_step": {
                                    "total": 18.648839800001625,
                                    "count": 22676,
                                    "self": 1.079717600001576,
                                    "children": {
                                        "TorchPolicy.evaluate": {
                                            "total": 17.56912220000005,
                                            "count": 22647,
                                            "self": 5.207350699999914,
                                            "children": {
                                                "TorchPolicy.sample_actions": {
                                                    "total": 12.361771500000135,
                                                    "count": 22647,
                                                    "self": 12.361771500000135
                                                }
                                            }
                                        }
                                    }
                                },
                                "workers": {
                                    "total": 0.28537559999858253,
                                    "count": 22675,
                                    "self": 0.0,
                                    "children": {
                                        "worker_root": {
                                            "total": 141.59561429999982,
                                            "count": 22675,
                                            "is_parallel": true,
                                            "self": 45.10335510000243,
                                            "children": {
                                                "steps_from_proto": {
                                                    "total": 0.0003545000000002574,
                                                    "count": 1,
                                                    "is_parallel": true,
                                                    "self": 0.00020089999999939323,
                                                    "children": {
                                                        "_process_rank_one_or_two_observation": {
                                                            "total": 0.00015360000000086416,
                                                            "count": 2,
                                                            "is_parallel": true,
                                                            "self": 0.00015360000000086416
                                                        }
                                                    }
                                                },
                                                "UnityEnvironment.step": {
                                                    "total": 96.49190469999739,
                                                    "count": 22675,
                                                    "is_parallel": true,
                                                    "self": 1.8980629999989418,
                                                    "children": {
                                                        "UnityEnvironment._generate_step_input": {
                                                            "total": 1.4818676000012694,
                                                            "count": 22675,
                                                            "is_parallel": true,
                                                            "self": 1.4818676000012694
                                                        },
                                                        "communicator.exchange": {
                                                            "total": 87.10072139999752,
                                                            "count": 22675,
                                                            "is_parallel": true,
                                                            "self": 87.10072139999752
                                                        },
                                                        "steps_from_proto": {
                                                            "total": 6.011252699999655,
                                                            "count": 22675,
                                                            "is_parallel": true,
                                                            "self": 3.4999204999992912,
                                                            "children": {
                                                                "_process_rank_one_or_two_observation": {
                                                                    "total": 2.511332200000364,
                                                                    "count": 45350,
                                                                    "is_parallel": true,
                                                                    "self": 2.511332200000364
                                                                }
                                                            }
                                                        }
                                                    }
                                                }
                                            }
                                        }
                                    }
                                }
                            }
                        },
                        "trainer_advance": {
                            "total": 6.073325799998791,
                            "count": 22675,
                            "self": 0.546081700000185,
                            "children": {
                                "process_trajectory": {
                                    "total": 1.4083069999985955,
                                    "count": 22675,