{
    "name": "root",
    "metadata": {
        "timer_format_version": "0.1.0",
        "start_time_seconds": "1636161423",
        "python_version": "3.7.7 (tags/v3.7.7:d7c567b08f, Mar 10 2020, 10:41:24) [MSC v.1900 64 bit (AMD64)]",
        "command_line_arguments": "C:\\Users\\zmarc\\AppData\\Local\\Programs\\Python\\Python37\\Scripts\\mlagents-learn --force",
        "mlagents_version": "0.27.0",
        "mlagents_envs_version": "0.27.0",
        "communication_protocol_version": "1.5.0",
        "pytorch_version": "1.9.1+cu102",
        "numpy_version": "1.21.2",
        "end_time_seconds": "1636161464"
    },
    "total": 40.9735792,
    "count": 1,
    "self": 0.00755680000000325,
    "children": {
        "run_training.setup": {
            "total": 0.10766019999999998,
            "count": 1,
            "self": 0.10766019999999998
        },
        "TrainerController.start_learning": {
            "total": 40.8583622,
            "count": 1,
            "self": 0.10410839999987331,
            "children": {
                "TrainerController._reset_env": {
                    "total": 8.2054552,
                    "count": 1,
                    "self": 8.2054552
                },
                "TrainerController.advance": {
                    "total": 32.417175700000136,
                    "count": 4956,
                    "self": 0.10036360000015776,
                    "children": {
                        "env_step": {
                            "total": 31.820037700000157,
                            "count": 4956,
                            "self": 25.553548500000282,
                            "children": {
                                "SubprocessEnvManager._take_step": {
                                    "total": 6.196654400000073,
                                    "count": 4956,
                                    "self": 0.34091059999993334,
                                    "children": {
                                        "TorchPolicy.evaluate": {
                                            "total": 5.855743800000139,
                                            "count": 4947,
                                            "self": 1.5893691000001446,
                                            "children": {
                                                "TorchPolicy.sample_actions": {
                                                    "total": 4.266374699999995,
                                                    "count": 4947,
                                                    "self": 4.266374699999995
                                                }
                                            }
                                        }
                                    }
                                },
                                "workers": {
                                    "total": 0.06983479999979991,
                                    "count": 4955,
                                    "self": 0.0,
                                    "children": {
                                        "worker_root": {
                                            "total": 32.33154749999986,
                                            "count": 4955,
                                            "is_parallel": true,
                                            "self": 12.136566699999666,
                                            "children": {
                                                "steps_from_proto": {
                                                    "total": 0.0005530000000000257,
                                                    "count": 1,
                                                    "is_parallel": true,
                                                    "self": 0.0003798000000010404,
                                                    "children": {
                                                        "_process_rank_one_or_two_observation": {
                                                            "total": 0.00017319999999898528,
                                                            "count": 2,
                                                            "is_parallel": true,
                                                            "self": 0.00017319999999898528
                                                        }
                                                    }
                                                },
                                                "UnityEnvironment.step": {
                                                    "total": 20.19442780000019,
                                                    "count": 4955,
                                                    "is_parallel": true,
                                                    "self": 0.4833338000003664,
                                                    "children": {
                                                        "UnityEnvironment._generate_step_input": {
                                                            "total": 0.4801150000001275,
                                                            "count": 4955,
                                                            "is_parallel": true,
                                                            "self": 0.4801150000001275
                                                        },
                                                        "communicator.exchange": {
                                                            "total": 17.67927279999988,
                                                            "count": 4955,
                                                            "is_parallel": true,
                                                            "self": 17.67927279999988
                                                        },
                                                        "steps_from_proto": {
                                                            "total": 1.5517061999998205,
                                                            "count": 4955,
                                                            "is_parallel": true,
                                                            "self": 0.9251188999998128,
                                                            "children": {
                                                                "_process_rank_one_or_two_observation": {
                                                                    "total": 0.6265873000000077,
                                                                    "count": 9910,
                                                                    "is_parallel": true,
                                                                    "self": 0.6265873000000077
                                                                }
                                                            }
                                                        }
                                                    }
                                                }
                                            }
                                        }
                                    }
                                }
                            }
                        },
                        "trainer_advance": {
                            "total": 0.4967743999998202,
                            "count": 4955,
                            "self": 0.1388570999999441,
                            "children": {
                                "process_trajectory": {
                                    "total": 0.3579172999998761,
                                    "count": 4955,